Transaction_ID,Purchase_Date,Customer_ID,Brand,Category,Product,Festival,City,Quantity,Original_Price,Discount_Percent,Final_Price,Rating,Payment_Mode,Sales_Channel,Return_Status,Making_Charges
TXN0001,04-30-2025,CUST155,PC Jeweller,gold,Gold Necklace,Diwali,Chennai,1,44868,18,36791,3.3,Credit Card,online,Yes,12149
TXN0002,2025-10-02,CUST097,Malabar,PLATINUM,Platinum Chain,Akshaya Tritiya,Mumbai,1,188263,12,,4.7,Debit Card,Online,No,4309
TXN0003,2025-05-06,CUST119,JOYALUKKAS,DIAMOND,Diamond Earrings,Akshaya Tritiya,Hyderabad,1,164973,5,156724,4.3,UPI,,No,14145
TXN0004,05-15-2025,CUST150,MALABAR, Silver ,Silver Chain,Akshaya Tritiya,Mumbai,1,6681,8,6146,3.6,Credit Card,,,14833
TXN0005,31/05/2025,CUST041,JOYALUKKAS,Gold,Gold Bangles,Wedding Season,Delhi,1,21009,12,18487,4.6,Debit Card,,,17635
TXN0006,2025-06-07,CUST015,malabar,Gold,Gold Chain,,Delhi,1,18149,0,18149,3.4,Credit Card,Store,no,20876
TXN0007,2025-03-03,CUST058,Malabar,PLATINUM,Platinum Bracelet,regular sale,Pune,,200361,15,,,Debit Card,Online,no,8798
TXN0008,09/08/2025,CUST109,JOYALUKKAS, Gold ,Gold Chain,Regular Sale,Delhi,1,169050,18,"₹138,621",3.5,Net Banking,Website,No,unknown
TXN0009,2025-05-02,CUST105,JOYALUKKAS, Gold ,Gold Ring,Diwali,Delhi,2,43666,0,43666,4.9,Cash,Store,Yes,23825
TXN0010,27/10/2025,CUST129,blue stone,Diamond,Diamond Bracelet,Akshaya Tritiya,hyderabad,1,,0,55662,4.5,Net Banking,Offline,no,
TXN0011,12-10-2025,CUST077,TANISHQ,GOLD,Gold Earrings,Wedding Season,Hyderabad,,86358,15,"₹73,404",3.6,Net Banking,Store,No,12436
TXN0012,2025-12-06,CUST035, Malabar Gold ,Gold,Gold Chain,Diwali,Delhi,1,97303,0,97303,4.4,,Store,no,17008
TXN0013,28/12/2025,CUST144,Bluestone,Gold,Gold Bangles,regular sale,Bangalore,1,18929,12,"16,657",3.5,,,No,12724
TXN0014,20/06/2025,CUST064, Malabar Gold ,diamond,Diamond Earrings,Regular Sale,Mumbai,1,149118,18,122276,3.2,,,No,
TXN0015,2025-05-14,CUST149, Malabar Gold ,Gold,Gold Necklace,,Hyderabad,1,110050,15,"₹93,542",4.9,Credit Card,Store,No,24225
TXN0016,03-05-2025,CUST077, Carat Lane , Platinum ,Platinum Bracelet,Regular Sale,Pune,1,unknown,15,41091,4.3,Credit Card,App,no,10861
TXN0017,03-28-2025,CUST022, BlueStone ,GOLD,Gold Necklace,akshaya tritiya,Delhi,1,unknown,,141625,4.4,,,No,15923
TXN0018,23/09/2025,CUST013,pc jeweller,Diamond,Diamond Bracelet,Wedding Season,Chennai,2,27907,10,25116,3.5,Net Banking,,,17540
TXN0019,2025-11-17,CUST071,CARATLANE,Gold,Gold Chain,Regular Sale,Mumbai,1,135983,12,"119,665",4.6,Credit Card,online,No,3104
TXN0020,02/06/2025,CUST108,Kalyan Jewellers,diamond,Diamond Bracelet,Akshaya Tritiya,Mumbai,2,331225,18,271604,4.1,,Website,No,21390
TXN0021,17/06/2025,CUST098, Joyalukkas , Diamond ,Diamond Ring,Akshaya Tritiya,Mumbai,1,,12,235014,6.0,UPI,,No,unknown
TXN0022,11-07-2025,CUST030,tanishq,DIAMOND,Diamond Necklace,Akshaya Tritiya,Pune,1,320682,12,282200,4.6,Net Banking,online,,"₹8,957"
TXN0023,07/01/2025,CUST126,Bluestone, Gold ,Gold Earrings,Regular Sale,Delhi,1,28766,15,24451,3.3,Debit Card,App,no,16843
TXN0024,2025-06-22,CUST127, BlueStone ,diamond,Diamond Earrings,Diwali,Chennai,1,171238,20,136990,4.2,Net Banking,Offline,No,8908
TXN0025,06-06-2025,CUST149, Joyalukkas , Diamond ,Diamond Necklace,Regular Sale,Pune,1,259972,12,228775,3.6,Credit Card,Online,,7310
TXN0026,2025-06-01,CUST093,pc jeweller,DIAMOND,Diamond Necklace,akshaya tritiya,Pune,2,169965,12,"149,569",5.0,Cash,Online,No,19810
TXN0027,2025-01-28,CUST039, Joyalukkas ,Gold,Gold Chain,Dhanteras,,1,143233,20,114586,3.3,Cash,Store,no,15051
TXN0028,2025-03-22,CUST105,CARATLANE, Gold ,Gold Ring,Dhanteras,Chennai,1,73318,8,67452,3.6,,,,20326
TXN0029,19/10/2025,CUST113,Malabar, Gold ,Gold Earrings,Diwali,Chennai,1,87633,8,"₹80,622",,Cash,online,No,20782
TXN0030,2025-05-23,CUST150,TANISHQ, Gold ,Gold Earrings,Wedding Season,Bangalore,1,88650,20,"70,920",4.1,Cash,Store,,14122
TXN0031,07-05-2025,CUST128,CARATLANE,Gold,Gold Ring,Diwali,Hyderabad,1,48388,20,"38,710",3.9,Net Banking,,No,"24,258"
TXN0032,28/12/2025,CUST107,CARATLANE, Gold ,Gold Bangles,Akshaya Tritiya,Bangalore,1,138965,20,111172,4.9,Debit Card,,Yes,12137
TXN0033,06-20-2025,CUST140,CARATLANE, Gold ,Gold Ring,Diwali,Hyderabad,1,171862,8,158113,4.0,Debit Card,online,Yes,24108
TXN0034,27/09/2025,CUST004,joyalukkas, Gold ,Gold Chain,Wedding Season,Bangalore,1,51094,5,48539,4.8,UPI,,No,23097
TXN0035,04-27-2025,CUST024,JOYALUKKAS,Platinum,Platinum Bracelet,Regular Sale,Mumbai,2,"47,936",10,,4.3,UPI,Store,No,13282
TXN0036,29/04/2025,CUST164, Malabar Gold , Diamond ,Diamond Necklace,Akshaya Tritiya,,1,225563,10,203006,4.1,Net Banking,Store,,14903
TXN0037,2025-06-01,CUST169,JOYALUKKAS,SILVER,Silver Ring,Dhanteras,Mumbai,3,14496,15,12321,4.2,,Store,No,unknown
TXN0038,01/06/2025,CUST107,kalyan,diamond,Diamond Necklace, Wedding Season ,Pune,1,186969,15,158923,4.5,,Store,,12099
TXN0039,21/08/2025,CUST068,JOYALUKKAS,PLATINUM,Platinum Ring,regular sale,Chennai,1,53672,18,44011,3.2,upi,,Yes,23972
TXN0040,12-23-2025,CUST108,joyalukkas, Gold ,Gold Ring,Dhanteras,Hyderabad,1,147138,8,135366,3.9,Cash,Offline,No,4255
TXN0041,2025-01-11,CUST086,kalyan,diamond,Diamond Earrings,Akshaya Tritiya,Hyderabad,1,89046,10,80141,4.4,,Offline,no,1092
TXN0042,2025-06-15,CUST045, Malabar Gold ,Platinum,Platinum Bracelet,,Chennai,1,33895,15,28810,NA,Net Banking,Offline,no,2420
TXN0043,2025-02-07,CUST083,blue stone,Diamond,Diamond Earrings, Diwali ,Bangalore,2,276124,5,262317,4.1,UPI,,,22329
TXN0044,06-10-2025,CUST066, Carat Lane ,diamond,Diamond Necklace,Diwali,Chennai,1,"₹202,697",18,166211,4.5,Credit Card,App,No,20217
TXN0045,2025-04-19,CUST169,CARATLANE,gold,Gold Ring,Diwali,Pune,1,"₹128,870",12,113405,3.8,Net Banking,,no,21105
TXN0046,2025-07-25,CUST037,CaratLane,Gold,Gold Necklace,Akshaya Tritiya,Hyderabad,1,98998,8,91078,4.8,Net Banking,App,No,"2,723"
TXN0047,28/02/2025,CUST111,Bluestone,DIAMOND,Diamond Ring,Diwali,Pune,1,279626,18,229293,,Credit Card,Store,No,5496
TXN0048,2025-07-01,CUST102,Kalyan, Gold ,Gold Ring,Wedding Season,Mumbai,2,64057,10,57651,NA,UPI,Store,No,21254
TXN0049,2025-06-23,CUST086,pc jeweller,Silver,Silver Anklet,Diwali,bangalore,1,21296,5,20231,3.9,Credit Card,Online,No,unknown
TXN0050,11-26-2025,CUST160, Carat Lane ,GOLD,Gold Ring,Akshaya Tritiya,Pune,2,147529,20,118023,5.5,UPI,Online,No,"₹10,406"
TXN0051,2025-11-30,CUST083,BLUESTONE,platinum,Platinum Ring,Wedding Season,Delhi,2,175310,0,"₹175,310",4.0,UPI,Offline,,15344
TXN0052,03/02/2025,CUST025,CARATLANE,DIAMOND,Diamond Necklace,Diwali,Hyderabad,1,239312,0,"₹239,312",4.6,Debit Card,Store,,23887
TXN0053,2025-07-05,CUST093, Malabar Gold ,diamond,Diamond Ring,Diwali,Mumbai,1,unknown,5,"87,400",4.4,,Online,no,18687
TXN0054,2025-11-16,CUST113,CaratLane, Gold ,Gold Necklace,Regular Sale,Delhi,1,52353,8,48164,3.5,Credit Card,Store,Yes,7357
TXN0055,2025-05-09,CUST165,CARATLANE,PLATINUM,Platinum Chain,Regular Sale,Mumbai,1,72482,10,65233,4.6,Cash,Online,No,15782
TXN0056,29/11/2025,CUST038,tanishq,Gold,Gold Bangles,Wedding Season,Chennai,1,"119,231",0,119231,,UPI,Online,No,8066
TXN0057,15/11/2025,CUST017,CaratLane, Platinum ,Platinum Bracelet,Wedding Season,bangalore,1,61941,,61941,3.6,Credit Card,online,,3805
TXN0058,05-10-2025,CUST005, Kalyan ,Gold,Gold Earrings,Wedding Season,Delhi,3,163267,0,163267,,Net Banking,Store,,6737
TXN0059,22/01/2025,CUST080,PC JEWELLER, Diamond ,Diamond Bracelet,Wedding Season,Chennai,1,264955,10,238459,3.3,UPI,,No,15318
TXN0060,10/02/2025,CUST155,pc jeweller,GOLD,Gold Bangles,Diwali, Chennai ,1,148076,12,130306,4.6,UPI,online,No,21147
TXN0061,11-08-2025,CUST113,Kalyan,diamond,Diamond Ring, Akshaya Tritiya ,Pune,1,,8,198240,4.9,Cash,,No,"19,806"
TXN0062,05-14-2025,CUST115,kalyan,GOLD,Gold Necklace,Diwali,Bangalore,1,"24,793",18,unknown,4.8,UPI,,,11472
TXN0063,2025-03-13,CUST127,PC Jeweller,GOLD,Gold Earrings,Diwali,Hyderabad,1,59289,10,"₹53,360",3.4,upi,online,Yes,18225
TXN0064,10-10-2025,CUST151,joyalukkas,silver,Silver Anklet,Akshaya Tritiya,Hyderabad,2,"17,264",15,"14,674",3.4,upi,Offline,No,18003
TXN0065,2025-10-25,CUST044, BlueStone ,Gold,Gold Chain,Wedding Season,Delhi,1,89945,5,85447,4.1,Net Banking,online,No,17319
TXN0066,2025-08-26,CUST088,caratlane,GOLD,Gold Necklace,Wedding Season,Pune,1,124454,0,124454,3.5,UPI,Store,No,"16,285"
TXN0067,2025-04-08,CUST128,JOYALUKKAS, Gold ,Gold Ring,Akshaya Tritiya,Mumbai,1,179317,15,152419,4.9,UPI,Online,No,17216
TXN0068,2025-07-25,CUST146,blue stone,DIAMOND,Diamond Bracelet,Diwali,,1,250930,15,213290,NA,UPI,Website,No,12111
TXN0069,23/09/2025,CUST039,Kalyan Jewellers,diamond,Diamond Necklace,Wedding Season,Mumbai,2,46105,8,42416,4.5,,App,no,17051
TXN0070,12-02-2025,CUST148,kalyan,Diamond,Diamond Ring,Diwali,Pune,1,243387,0,"243,387",4.3,UPI,App,,unknown
TXN0071,15/10/2025,CUST170,JOYALUKKAS, Gold ,Gold Chain,Diwali,Chennai,1,125577,0,125577,4.5,upi,,,9662
TXN0072,21/05/2025,CUST032,Malabar Gold, Platinum ,Platinum Chain,Wedding Season,Chennai,1,210942,20,,3.8,UPI,Store,Yes,22494
TXN0073,2025-09-29,CUST164,joyalukkas,Gold,Gold Earrings, Diwali ,Delhi,1,89203,,80282,3.6,Cash,online,Yes,16645
TXN0074,2025-04-01,CUST102,BLUESTONE,platinum,Platinum Chain,Diwali,Bangalore,1,170286,,170286,NA,Debit Card,Store,Yes,22014
TXN0075,2025-04-06,CUST087, Joyalukkas ,silver,Silver Ring,Regular Sale,Mumbai,1,5691,8,"₹5,235",4.5,Credit Card,Offline,Yes,11603
TXN0076,2025-05-01,CUST031,TANISHQ,GOLD,Gold Chain, Diwali ,Hyderabad,1,104409,0,104409,3.7,Cash,Offline,Yes,20848
TXN0077,2025-07-05,CUST145,PC Jeweller,Diamond,Diamond Bracelet,Regular Sale,Pune,1,154743,5,147005,4.1,upi,Offline,,20108
TXN0078,12/01/2025,CUST066,CaratLane,gold,Gold Ring,Diwali, Delhi ,1,126901,20,101520,4.4,Cash,Online,No,unknown
TXN0079,04-02-2025,CUST101,Malabar Gold,diamond,Diamond Bracelet,Diwali,Mumbai,,,8,205082,4.4,Net Banking,Website,No,9110
TXN0080,08-17-2025,CUST013,malabar,Gold,Gold Ring,Akshaya Tritiya,Pune,1,127901,10,115110,3.3,,online,no,11449
TXN0081,03-31-2025,CUST110,BLUESTONE,Diamond,Diamond Earrings,Diwali,Chennai,2,140890,12,123983,3.3,Cash,Offline,no,16516
TXN0082,06-19-2025,CUST021,MALABAR,GOLD,Gold Chain,regular sale,,1,165426,8,unknown,3.9,upi,online,no,8111
TXN0083,2025-07-23,CUST142, BlueStone ,SILVER,Silver Chain,Dhanteras,Bangalore,1,5844,10,5259,NA,upi,Website,No,7656
TXN0084,28/04/2025,CUST146,joyalukkas, Gold ,Gold Chain,Regular Sale,Bangalore,1,86360,18,70815,3.7,Cash,Offline,,"12,540"
TXN0085,2025-11-19,CUST018,pc jeweller,Diamond,Diamond Necklace,Dhanteras,Delhi,1,299697,0,299697,4.6,UPI,Online,no,19076
TXN0086,2025-02-24,CUST135,tanishq,diamond,Diamond Earrings,Wedding Season,Hyderabad,2,288305,18,236410,4.7,Net Banking,Offline,,8400
TXN0087,08-11-2025,CUST085,Bluestone,Silver,Silver Anklet,Akshaya Tritiya,Mumbai,1,17597,0,17597,4.5,Debit Card,App,no,
TXN0088,12-13-2025,CUST085,BLUESTONE,gold,Gold Chain,Wedding Season,Pune,2,122410,10,"₹110,169",4.2,UPI,Store,no,21115
TXN0089,05/12/2025,CUST022, Joyalukkas ,platinum,Platinum Chain,Akshaya Tritiya,hyderabad,1,123273,18,101083,4.0,UPI,Online,No,15573
TXN0090,02-17-2025,CUST154, Kalyan , Gold ,Gold Ring,,Mumbai,1,164010,5,155809,3.2,Credit Card,online,Yes,"6,554"
TXN0091,17/11/2025,CUST153,Kalyan Jewellers,gold,Gold Chain,Akshaya Tritiya,Mumbai,,90341,5,85823,3.9,Cash,Store,Yes,22333
TXN0092,09-09-2025,CUST063, Malabar Gold , Gold ,Gold Earrings,Dhanteras,Chennai,1,143569,15,122033,3.7,,App,No,24829
TXN0093,05/08/2025,CUST019,PC JEWELLER, Gold ,Gold Necklace,Regular Sale,Bangalore,1,125254,12,,3.6,upi,,no,20458
TXN0094,2025-08-09,CUST003,Tanishq,GOLD,Gold Chain,Regular Sale,Hyderabad,1,61604,18,50515,4.9,upi,App,,"17,399"
TXN0095,05/09/2025,CUST122,Tanishq, Diamond ,Diamond Earrings,Diwali,Bangalore,1,,15,,4.0,UPI,online,No,8992
TXN0096,01-15-2025,CUST158,caratlane, Gold ,Gold Earrings,Diwali,Mumbai,1,78779,8,72476,5.2,,App,No,12986
TXN0097,08-23-2025,CUST045, Joyalukkas ,Gold,Gold Bangles,Wedding Season,Pune,1,"₹100,157",18,"82,128",4.3,Net Banking,Offline,no,13573
TXN0098,05/01/2025,CUST035,joyalukkas, Diamond ,Diamond Necklace,Wedding Season,Mumbai,2,98555,20,78844,4.3,UPI,App,No,8226
TXN0099,06/10/2025,CUST139,Kalyan, Gold ,Gold Necklace,Akshaya Tritiya,Mumbai,1,166281,5,157966,4.2,Cash,Store,No,3850
TXN0100,2025-04-16,CUST016,Tanishq Jewels,DIAMOND,Diamond Necklace,Akshaya Tritiya,Pune,1,208831,18,171241,3.5,Net Banking,online,No,5442
TXN0101,13/12/2025,CUST126,blue stone,GOLD,Gold Ring,Dhanteras,Pune,1,51262,15,43572,4.7,upi,Store,Yes,16992
TXN0102,11/09/2025,CUST083, Tanishq ,SILVER,Silver Anklet,Regular Sale,Mumbai,2,19512,10,17560,,upi,,Yes,"1,533"
TXN0103,02-17-2025,CUST093, BlueStone ,Gold,Gold Bangles,Akshaya Tritiya,Mumbai,2,71036,8,65353,4.8,upi,Online,,
TXN0104,08-05-2025,CUST034,JOYALUKKAS,Gold,Gold Earrings,Diwali,Pune,3,134671,15,114470,4.7,,Offline,,"23,188"
TXN0105,2025-02-21,CUST032,CARATLANE,DIAMOND,Diamond Necklace,Diwali,Pune,1,104363,20,83490,4.7,Net Banking,Store,,1878
TXN0106,03/05/2025,CUST099,PC Jeweller,silver,Silver Ring,Wedding Season,Delhi,1,11684,0,11684,4.6,,,no,14790
TXN0107,07-23-2025,CUST074,PC JEWELLER, Gold ,Gold Bangles,Dhanteras,bangalore,2,22375,12,19690,3.6,Net Banking,Store,Yes,20216
TXN0108,29/01/2025,CUST169,blue stone,Diamond,Diamond Ring,diwali,Mumbai,1,55359,18,45394,3.4,Credit Card,Store,No,9806
TXN0109,29/01/2025,CUST146,tanishq,DIAMOND,Diamond Ring,Diwali,Mumbai,1,"₹299,650",5,,4.1,UPI,Offline,No,16458
TXN0110,02-09-2025,CUST096,Malabar,Gold,Gold Ring,Wedding Season,Pune,1,127935,18,104906,4.8,,Store,No,3830
TXN0111,2025-10-07,CUST039,Tanishq, Gold ,Gold Necklace, Wedding Season ,Hyderabad,1,,20,65272,5.0,upi,online,No,4406
TXN0112,02-13-2025,CUST025,Malabar Gold,gold,Gold Ring,Dhanteras,Chennai,1,,18,"74,910",4.5,,Store,Yes,23961
TXN0113,2025-07-28,CUST138, Kalyan ,gold,Gold Necklace,Diwali,Chennai,1,"₹53,680",5,50996,3.5,Net Banking,Online,No,"11,741"
TXN0114,2025-10-09,CUST025,PC JEWELLER,Gold,Gold Necklace,Diwali,Bangalore,,96339,18,"78,997",4.7,Debit Card,online,,"₹22,125"
TXN0115,2025-01-26,CUST147,CARATLANE, Gold ,Gold Ring,Akshaya Tritiya,Bangalore,2,69839,15,59363,3.4,Credit Card,Online,no,21289
TXN0116,2025-09-27,CUST162,PC Jeweller, Gold ,Gold Bangles,Regular Sale,Mumbai,1,33985,8,31266,4.0,Credit Card,Online,No,20566
TXN0117,05-17-2025,CUST015,blue stone, Diamond ,Diamond Ring,Regular Sale,Mumbai,1,unknown,8,195405,3.4,Net Banking,Online,,23955
TXN0118,2025-04-23,CUST135,CARATLANE,Diamond,Diamond Necklace,Regular Sale,Mumbai,1,187032,0,187032,3.4,UPI,Online,No,20222
TXN0119,08-12-2025,CUST125, Malabar Gold ,diamond,Diamond Earrings,Dhanteras,Hyderabad,3,332241,12,292372,3.8,Cash,Store,,23560
TXN0120,2025-09-12,CUST085,Malabar,diamond,Diamond Bracelet,Regular Sale,Delhi,1,120463,10,108416,4.4,Debit Card,Website,No,9690
TXN0121,10/09/2025,CUST090,PC JEWELLER,Gold,Gold Necklace,Regular Sale,Pune,2,18335,18,15034,4.9,UPI,Store,No,11443
TXN0122,2025-12-01,CUST156,TANISHQ,gold,Gold Chain, Regular Sale ,Chennai,1,37661,20,30128,4.5,Debit Card,Store,No,
TXN0123,03-29-2025,CUST075,CaratLane, Diamond ,Diamond Bracelet,Akshaya Tritiya,Hyderabad,1,249188,20,"₹199,350",3.6,Credit Card,Store,Yes,unknown
TXN0124,05/10/2025,CUST151,tanishq,Gold,Gold Bangles,Diwali,Hyderabad,1,165913,5,157617,3.4,Cash,Store,No,13936
TXN0125,2025-03-06,CUST109,PC Jeweller, Gold ,Gold Earrings,Dhanteras,Delhi,2,56652,8,52119,4.9,UPI,Website,no,14020
TXN0126,2025-10-26,CUST028,Bluestone,GOLD,Gold Bangles,Dhanteras,Bangalore,1,172029,18,141063,3.5,Credit Card,Store,Yes,5713
TXN0127,05/06/2025,CUST072,PC JEWELLER,Diamond,Diamond Ring,Diwali,Hyderabad,2,50842,15,43215,3.2,Net Banking,online,No,7158
TXN0128,09-26-2025,CUST008,blue stone,gold,Gold Bangles,Regular Sale,Hyderabad,1,,12,28805,4.5,Debit Card,,Yes,17551
TXN0129,05-13-2025,CUST024, Tanishq ,Diamond,Diamond Necklace,Diwali,Delhi,2,118104,15,100388,3.8,Debit Card,online,Yes,
TXN0130,12-31-2025,CUST165, BlueStone , Platinum ,Platinum Bracelet,Akshaya Tritiya,Chennai,2,88659,12,78019,4.3,Net Banking,Online,No,17761
TXN0131,12-31-2025,CUST077,blue stone,silver,Silver Chain,Diwali,Bangalore,1,13019,15,11066,4.8,Credit Card,online,No,22476
TXN0132,10-01-2025,CUST122, Kalyan ,GOLD,Gold Bangles,Diwali,Pune,1,unknown,15,"23,169",4.5,,App,No,23272
TXN0133,01-28-2025,CUST150,PC Jeweller, Gold ,Gold Necklace,Diwali,Hyderabad,1,128224,12,,4.0,Credit Card,Offline,No,14408
TXN0134,03-28-2025,CUST041,JOYALUKKAS,Gold,Gold Chain,,Mumbai,1,105196,0,,3.2,Debit Card,Online,No,unknown
TXN0135,02/06/2025,CUST117, PCJeweller , Gold ,Gold Chain,Diwali,Hyderabad,2,99813,12,unknown,3.5,,Website,No,8484
TXN0136,10-01-2025,CUST013,Malabar Gold,Gold,Gold Ring,Wedding Season,Chennai,,50286,18,41234,4.8,Cash,online,No,7733
TXN0137,09-19-2025,CUST159,PC Jeweller,GOLD,Gold Bangles,Regular Sale,Pune,2,154395,8,142043,4.0,Cash,Store,No,2291
TXN0138,2025-09-19,CUST026, Malabar Gold ,diamond,Diamond Bracelet,Diwali,Bangalore,1,,20,57330,3.5,Debit Card,,,11246
TXN0139,2025-06-25,CUST030,TANISHQ, Gold ,Gold Ring,Akshaya Tritiya,Chennai,1,62698,12,55174,4.8,UPI,Offline,,
TXN0140,12-17-2025,CUST034,BLUESTONE, Gold ,Gold Bangles,,Mumbai,1,167145,,137058,4.6,upi,App,,19514
TXN0141,2025-11-10,CUST003,pc jeweller, Silver ,Silver Anklet,Diwali,Pune,2,13329,18,10929,,Credit Card,App,,13407
TXN0142,2025-01-10,CUST104,MALABAR,Gold,Gold Bangles,Regular Sale,Mumbai,1,41073,5,39019,5.0,upi,online,Yes,12169
TXN0143,2025-04-24,CUST088, Tanishq ,SILVER,Silver Bracelet,Diwali,Delhi,1,23534,20,18827,3.4,Cash,Online,No,unknown
TXN0144,12-04-2025,CUST130,tanishq, Platinum ,Platinum Chain,Akshaya Tritiya,Chennai,1,42189,5,40079,4.6,upi,App,No,24936
TXN0145,31/05/2025,CUST035,tanishq, Gold ,Gold Earrings,Wedding Season,Hyderabad,2,150149,10,135134,3.7,Net Banking,online,No,7582
TXN0146,15/10/2025,CUST150,PC JEWELLER,GOLD,Gold Necklace,Dhanteras,Chennai,,"₹64,612",15,,,Debit Card,,No,10391
TXN0147,05-02-2025,CUST074,Malabar, Silver ,Silver Chain,Akshaya Tritiya,Delhi,1,16830,10,,4.5,Net Banking,,Yes,8390
TXN0148,2025-04-06,CUST132,PC Jeweller, Diamond ,Diamond Earrings, Regular Sale ,Delhi,1,128006,20,102404,3.5,Credit Card,Online,No,11571
TXN0149,2025-04-23,CUST134,Bluestone,platinum,Platinum Bracelet,Regular Sale,Hyderabad,1,123869,5,117675,4.6,Credit Card,,no,18383
TXN0150,14/06/2025,CUST030,CARATLANE,SILVER,Silver Anklet,Akshaya Tritiya,Hyderabad,1,23045,10,20740,4.9,UPI,Store,,7308
TXN0151,17/12/2025,CUST027,tanishq, Platinum ,Platinum Ring,Dhanteras,Delhi,1,"47,163",10,42446,5.1,,Store,no,3308
TXN0152,11-25-2025,CUST159,Malabar,Silver,Silver Bracelet,Diwali,Pune,1,12367,18,10140,4.4,Cash,Website,,2009
TXN0153,2025-10-12,CUST032,CaratLane,Gold,Gold Bangles,Regular Sale,Delhi,1,"₹95,326",15,81027,4.9,Credit Card,Website,,"17,795"
TXN0154,2025-02-20,CUST149,MALABAR,GOLD,Gold Necklace,Akshaya Tritiya,Chennai,1,166712,5,unknown,3.7,Debit Card,App,,11016
TXN0155,22/05/2025,CUST035, Malabar Gold , Diamond ,Diamond Earrings,Regular Sale,Mumbai,1,27533,10,24779,4.5,,,No,unknown
TXN0156,01-19-2025,CUST067,PC JEWELLER,silver,Silver Anklet,Regular Sale,Bangalore,1,21067,18,17274,4.6,Cash,Store,no,1347
TXN0157,2025-07-03,CUST057,BLUESTONE,platinum,Platinum Bracelet, Regular Sale ,Delhi,1,76961,8,70804,4.5,UPI,Online,,"₹11,619"
TXN0158,2025-12-01,CUST133, Carat Lane , Diamond ,Diamond Earrings,Regular Sale,Hyderabad,1,310396,18,254524,4.4,UPI,App,No,"15,414"
TXN0159,06-19-2025,CUST030,TANISHQ, Diamond ,Diamond Earrings,Akshaya Tritiya,Chennai,1,214909,5,"204,163",4.4,Credit Card,online,no,2284
TXN0160,2025-05-26,CUST056,MALABAR, Gold ,Gold Necklace,Dhanteras,Delhi,1,124287,0,124287,4.8,upi,App,No,6495
TXN0161,09-16-2025,CUST108,kalyan,Platinum,Platinum Bracelet,Wedding Season,Chennai,2,58461,0,58461,NA,upi,Offline,no,18671
TXN0162,10-29-2025,CUST148,Bluestone, Diamond ,Diamond Bracelet,,Hyderabad,1,"₹302,776",20,242220,4.6,UPI,online,,1233
TXN0163,05-14-2025,CUST109,Tanishq Jewels,DIAMOND,Diamond Bracelet,Regular Sale,Pune,1,239352,8,220203,4.0,Net Banking,App,Yes,9315
TXN0164,06-23-2025,CUST158,CaratLane,gold,Gold Bangles,Regular Sale,Pune,1,49217,8,45279,5.3,Debit Card,Online,no,2237
TXN0165,23/09/2025,CUST050,Joyalukkas,diamond,Diamond Earrings,Regular Sale,Delhi,2,116892,20,"₹93,513",3.2,Cash,Store,,13948
TXN0166,2025-11-07,CUST117,MALABAR,Diamond,Diamond Ring,Dhanteras,Delhi,1,"₹318,136",15,270415,4.9,Debit Card,App,no,9196
TXN0167,04-23-2025,CUST059, Joyalukkas , Diamond ,Diamond Necklace,Regular Sale,Mumbai,,332666,5,"₹316,032",3.7,,Store,No,19171
TXN0168,2025-04-16,CUST052,joyalukkas,GOLD,Gold Chain,Regular Sale,Hyderabad,2,65915,10,59323,4.5,UPI,,Yes,13163
TXN0169,09-02-2025,CUST009, Joyalukkas , Silver ,Silver Chain,Wedding Season,Delhi,1,"9,277",8,8534,,upi,Offline,Yes,"₹20,038"
TXN0170,18/04/2025,CUST096, Kalyan , Diamond ,Diamond Earrings,Akshaya Tritiya,Hyderabad,1,166247,15,"₹141,309",3.9,Credit Card,App,Yes,unknown
TXN0171,10-15-2025,CUST013,BLUESTONE,Platinum,Platinum Ring,Wedding Season, Bangalore ,1,65250,15,55462,4.6,Net Banking,App,No,
TXN0172,2025-08-17,CUST098,Tanishq Jewels,GOLD,Gold Earrings,Akshaya Tritiya,Delhi,1,159148,15,135275,4.4,Cash,,No,"3,592"
TXN0173,2025-01-12,CUST061, Malabar Gold ,Gold,Gold Necklace,Regular Sale,Delhi,1,121666,20,,3.9,Net Banking,,No,4405
TXN0174,01-18-2025,CUST092, Malabar Gold , Gold ,Gold Bangles,Diwali,Chennai,1,92494,8,85094,4.1,Net Banking,App,Yes,21678
TXN0175,21/03/2025,CUST003,CaratLane,gold,Gold Earrings,Diwali,Hyderabad,,144262,20,115409,,Cash,,No,20562
TXN0176,10/02/2025,CUST161,tanishq,DIAMOND,Diamond Necklace,Diwali,Delhi,1,231963,18,unknown,4.7,upi,Website,no,15836
TXN0177,2025-01-05,CUST024,caratlane,Diamond,Diamond Earrings,Akshaya Tritiya,Bangalore,1,36602,12,32209,3.7,Debit Card,Online,No,2836
TXN0178,05-07-2025,CUST009,joyalukkas, Gold ,Gold Bangles,Akshaya Tritiya,hyderabad,3,118028,10,106225,3.9,UPI,online,no,"18,069"
TXN0179,05-22-2025,CUST031,JOYALUKKAS,diamond,Diamond Necklace,Diwali,Bangalore,1,84207,18,69049,3.8,Cash,Online,,21271
TXN0180,27/11/2025,CUST113,blue stone,Diamond,Diamond Ring,Diwali,Chennai,1,81304,10,73173,3.8,upi,Website,No,unknown
TXN0181,05/10/2025,CUST117,Kalyan, Gold ,Gold Bangles,Diwali,Delhi,2,163364,8,150294,6.0,,Website,No,18172
TXN0182,2025-04-02,CUST052,Bluestone, Diamond ,Diamond Earrings,Diwali,,2,82915,5,78769,3.3,Net Banking,online,No,1428
TXN0183,12/11/2025,CUST136,Malabar,Diamond,Diamond Ring,Diwali,pune,1,"₹214,229",15,182094,4.6,Net Banking,online,No,19678
TXN0184,04-03-2025,CUST103,Malabar Gold,DIAMOND,Diamond Bracelet,Regular Sale,Pune,1,212675,18,174393,4.8,,Store,Yes,21750
TXN0185,18/01/2025,CUST153,PC Jeweller,gold,Gold Chain,Wedding Season,Chennai,1,116320,20,,4.0,upi,,No,19142
TXN0186,12/05/2025,CUST024,CARATLANE,platinum,Platinum Ring,Akshaya Tritiya,Mumbai,1,unknown,15,84545,4.8,UPI,App,,
TXN0187,01-06-2025,CUST162,BLUESTONE,Diamond,Diamond Ring,Regular Sale,hyderabad,2,252700,10,227430,4.5,Cash,,no,19849
TXN0188,08-11-2025,CUST034,malabar, Gold ,Gold Bangles,Akshaya Tritiya,Hyderabad,1,unknown,18,32503,3.7,UPI,Store,Yes,11597
TXN0189,06-29-2025,CUST114,caratlane, Gold ,Gold Bangles,diwali,Hyderabad,1,67935,0,"₹67,935",,Net Banking,Offline,No,1450
TXN0190,03-14-2025,CUST005,BLUESTONE,Gold,Gold Bangles,Wedding Season,hyderabad,1,72790,12,64055,,Cash,online,No,22724
TXN0191,11-02-2025,CUST023,pc jeweller,gold,Gold Ring,Akshaya Tritiya,Pune,1,,5,113357,4.8,Cash,online,No,1602
TXN0192,01-16-2025,CUST072,kalyan,gold,Gold Necklace,Diwali,Delhi,2,90319,18,74061,4.8,upi,Offline,Yes,8876
TXN0193,12-28-2025,CUST035,JOYALUKKAS,platinum,Platinum Bracelet,Diwali,Delhi,1,,10,59694,4.8,,Offline,,1966
TXN0194,11-10-2025,CUST069,joyalukkas,platinum,Platinum Chain,Diwali,Pune,1,57989,8,53349,3.5,Debit Card,Offline,Yes,17103
TXN0195,08-13-2025,CUST126, Malabar Gold , Gold ,Gold Ring,Diwali,Bangalore,1,88741,10,79866,4.6,upi,App,no,18568
TXN0196,2025-11-19,CUST049, PCJeweller , Diamond ,Diamond Ring,Diwali,Bangalore,1,296949,0,296949,,Net Banking,Offline,Yes,22171
TXN0197,10-30-2025,CUST052,PC JEWELLER,Diamond,Diamond Necklace,Regular Sale,Pune,1,95939,15,"81,548",NA,Cash,online,No,3795
TXN0198,2025-12-31,CUST108, Joyalukkas ,DIAMOND,Diamond Necklace,Diwali,Mumbai,1,unknown,8,105424,,,Store,No,16028
TXN0199,11-04-2025,CUST002,joyalukkas,DIAMOND,Diamond Ring,Wedding Season,Mumbai,1,,20,110963,,,Online,,19942
TXN0200,2025-07-04,CUST024, Kalyan ,GOLD,Gold Ring,Akshaya Tritiya,Mumbai,1,64726,8,59547,4.9,upi,,No,11787
TXN0201,05-13-2025,CUST148, Carat Lane ,gold,Gold Chain,Wedding Season,Bangalore,2,167780,12,147646,4.0,Debit Card,Offline,No,
TXN0202,25/05/2025,CUST018, PCJeweller ,DIAMOND,Diamond Necklace,Regular Sale,Mumbai,,48851,10,43965,3.2,UPI,,No,7357
TXN0203,21/06/2025,CUST106,Kalyan,PLATINUM,Platinum Chain,Dhanteras,Bangalore,1,,20,155532,4.8,,Store,No,5892
TXN0204,28/12/2025,CUST009, Tanishq , Gold ,Gold Bangles,wedding season,Chennai,1,167679,5,unknown,4.8,UPI,,No,4034
TXN0205,2025-12-13,CUST053,Tanishq, Diamond ,Diamond Necklace,Akshaya Tritiya,Mumbai,2,187717,,178331,4.7,Debit Card,Website,No,4378
TXN0206,08-14-2025,CUST031, PCJeweller ,diamond,Diamond Ring,Wedding Season,Hyderabad,1,193233,12,"170,045",3.7,Debit Card,App,No,"₹6,612"
TXN0207,12-27-2025,CUST152,CARATLANE,SILVER,Silver Bracelet,Akshaya Tritiya,Bangalore,1,5471,0,5471,3.4,Cash,App,No,4044
TXN0208,06/07/2025,CUST047, PCJeweller ,DIAMOND,Diamond Bracelet,Diwali,,1,271701,8,249964,4.7,Net Banking,Offline,no,4372
TXN0209,23/03/2025,CUST099,PC Jeweller,DIAMOND,Diamond Earrings,Wedding Season,Bangalore,1,304312,18,249535,3.6,Credit Card,online,,3552
TXN0210,02-05-2025,CUST028,PC JEWELLER,DIAMOND,Diamond Bracelet,Akshaya Tritiya,Delhi,2,195591,20,156472,3.5,UPI,,No,"22,655"
TXN0211,2025-06-26,CUST150,CaratLane, Gold ,Gold Earrings,Wedding Season,Chennai,2,71912,12,,4.9,Debit Card,Online,No,2021
TXN0212,16/07/2025,CUST107,pc jeweller,DIAMOND,Diamond Earrings,Regular Sale,Mumbai,1,"₹253,164",,232910,4.1,Cash,Offline,No,5496
TXN0213,2025-11-06,CUST148,JOYALUKKAS,silver,Silver Bracelet,Wedding Season,Mumbai,1,20089,,,3.8,Debit Card,Online,no,16778
TXN0214,12-06-2025,CUST020,Tanishq Jewels,GOLD,Gold Earrings,Dhanteras,Hyderabad,1,,5,132886,3.6,Debit Card,Website,No,10654
TXN0215,05-30-2025,CUST160,Tanishq,DIAMOND,Diamond Earrings,Regular Sale,Delhi,1,57200,8,52624,4.2,Debit Card,Online,,4655
TXN0216,03-16-2025,CUST040,CARATLANE, Diamond ,Diamond Bracelet,Diwali,Chennai,1,148834,0,148834,3.8,upi,Store,No,"2,721"
TXN0217,2025-08-11,CUST074,JOYALUKKAS, Diamond ,Diamond Bracelet,Regular Sale,Delhi,1,,18,183781,4.1,Cash,App,,9932
TXN0218,03/04/2025,CUST141,Kalyan,Silver,Silver Chain,Regular Sale,Mumbai,1,24016,10,21614,4.1,UPI,Online,no,
TXN0219,11-28-2025,CUST048,CaratLane,diamond,Diamond Necklace,Dhanteras,Pune,1,87902,8,80869,3.9,upi,,No,"9,432"
TXN0220,04-13-2025,CUST101,tanishq, Gold ,Gold Ring,,Hyderabad,3,33744,20,"₹26,995",5.6,Debit Card,,Yes,1614
TXN0221,09-21-2025,CUST126,MALABAR, Diamond ,Diamond Ring,Dhanteras,Pune,1,"₹164,689",15,139985,4.8,,Website,No,19587
TXN0222,05-29-2025,CUST052,kalyan,Gold,Gold Necklace,Diwali,Pune,1,41767,5,39678,4.7,upi,Website,,"7,208"
TXN0223,2025-08-19,CUST010, Malabar Gold ,Gold,Gold Earrings,Diwali,Mumbai,2,34513,20,27610,4.2,,,no,5880
TXN0224,03-30-2025,CUST013, Malabar Gold ,Platinum,Platinum Ring,Regular Sale,Mumbai,1,42006,10,37805,4.5,Credit Card,Online,No,14966
TXN0225,2025-06-21,CUST031, BlueStone ,platinum,Platinum Bracelet,Diwali,Bangalore,1,"114,302",10,102871,4.6,,,,21068
TXN0226,09-01-2025,CUST033,malabar,gold,Gold Bangles,Akshaya Tritiya,Bangalore,2,65032,12,,3.9,Cash,App,No,21551
TXN0227,2025-09-17,CUST119,kalyan,GOLD,Gold Ring,Wedding Season,Chennai,3,48803,15,unknown,4.8,UPI,Online,,12933
TXN0228,2025-09-21,CUST019,joyalukkas, Gold ,Gold Earrings,Regular Sale,Mumbai,1,29355,8,27006,3.5,UPI,Offline,,14519
TXN0229,08-23-2025,CUST050, Joyalukkas ,SILVER,Silver Anklet,Wedding Season,Mumbai,1,,20,5399,3.5,Credit Card,,No,8204
TXN0230,31/08/2025,CUST072,CaratLane, Gold ,Gold Earrings,Dhanteras,Delhi,1,162901,20,130320,4.8,Net Banking,Online,Yes,
TXN0231,12-21-2025,CUST105,joyalukkas,diamond,Diamond Ring,Diwali,Mumbai,1,,10,"68,741",3.3,Net Banking,online,no,1799
TXN0232,17/01/2025,CUST110, Joyalukkas ,diamond,Diamond Bracelet,Akshaya Tritiya, Hyderabad ,1,,18,21085,4.8,UPI,Website,No,16248
TXN0233,10-25-2025,CUST054,kalyan,GOLD,Gold Earrings,Regular Sale,Delhi,1,71664,5,68080,4.4,Net Banking,,No,16406
TXN0234,2025-02-09,CUST043, PCJeweller ,Silver,Silver Chain,Diwali,Hyderabad,1,17003,5,16152,3.9,Net Banking,Offline,Yes,12360
TXN0235,17/06/2025,CUST152,PC JEWELLER, Diamond ,Diamond Earrings,Akshaya Tritiya,Bangalore,1,unknown,18,243892,4.2,,,No,5860
TXN0236,06-12-2025,CUST033,JOYALUKKAS,PLATINUM,Platinum Bracelet,Dhanteras,Pune,1,75969,8,"69,891",3.5,Credit Card,App,No,4980
TXN0237,05-29-2025,CUST038,JOYALUKKAS,PLATINUM,Platinum Ring,Dhanteras,Hyderabad,1,"163,014",15,138561,4.4,,Offline,Yes,"₹12,711"
TXN0238,20/09/2025,CUST050,TANISHQ,DIAMOND,Diamond Necklace,Wedding Season,Chennai,2,127611,20,102088,4.4,Cash,Store,No,10327
TXN0239,08-06-2025,CUST107,kalyan,Platinum,Platinum Bracelet, Akshaya Tritiya ,Pune,3,105663,8,97209,4.7,UPI,Online,Yes,21932
TXN0240,27/10/2025,CUST127,JOYALUKKAS,gold,Gold Bangles,Regular Sale,Chennai,2,70234,20,"56,187",3.3,Debit Card,Website,No,17118
TXN0241,11-18-2025,CUST122,PC Jeweller,GOLD,Gold Ring,Regular Sale,Mumbai,2,"35,491",20,28392,4.2,Credit Card,Store,No,2733
TXN0242,03-27-2025,CUST083, Joyalukkas ,DIAMOND,Diamond Earrings,Akshaya Tritiya,Hyderabad,1,65279,8,"60,056",4.6,Debit Card,Store,Yes,14500
TXN0243,2025-03-01,CUST005,MALABAR,GOLD,Gold Chain,Wedding Season,Chennai,2,164448,5,156225,4.0,upi,Store,No,4886
TXN0244,2025-08-09,CUST051,Bluestone,Diamond,Diamond Necklace,Diwali,Chennai,1,"₹66,211",5,,3.3,,Online,No,20719
TXN0245,2025-11-10,CUST130,Malabar Gold,Gold,Gold Necklace,Akshaya Tritiya,Chennai,1,90712,8,83455,,upi,Online,No,17521
TXN0246,27/02/2025,CUST032,JOYALUKKAS,Gold,Gold Earrings,Akshaya Tritiya,Pune,1,46134,18,"₹37,829",3.6,Cash,Store,Yes,20673
TXN0247,01-07-2025,CUST126,PC Jeweller, Platinum ,Platinum Chain,Diwali,Mumbai,1,"48,247",20,38597,NA,Credit Card,Online,No,7523
TXN0248,24/07/2025,CUST122,CARATLANE, Silver ,Silver Bracelet,Akshaya Tritiya,Mumbai,2,"21,068",12,18539,4.6,UPI,Online,,2731
TXN0249,24/09/2025,CUST120,joyalukkas,DIAMOND,Diamond Necklace,Diwali,Pune,1,105077,5,99823,4.6,UPI,Website,No,13570
TXN0250,2025-09-07,CUST146,BLUESTONE, Gold ,Gold Bangles,Akshaya Tritiya,Chennai,1,163926,18,134419,3.4,Debit Card,,No,
TXN0251,02/07/2025,CUST090,CaratLane,gold,Gold Necklace,Diwali,Pune,1,171083,18,140288,3.4,UPI,App,No,2224
TXN0252,2025-10-21,CUST126,Bluestone,gold,Gold Earrings,Dhanteras,Hyderabad,1,23348,15,19845,3.9,Cash,online,No,18558
TXN0253,29/09/2025,CUST110,kalyan,GOLD,Gold Earrings,Diwali,Chennai,1,42106,15,35790,3.7,Cash,Store,no,17887
TXN0254,11/11/2025,CUST145,Bluestone,diamond,Diamond Ring,Wedding Season,Delhi,1,327432,20,261945,3.7,,Online,,7670
TXN0255,08/06/2025,CUST125,Kalyan Jewellers, Silver ,Silver Ring,Diwali,Delhi,1,9814,,9028,3.5,Net Banking,Offline,,2383
TXN0256,16/02/2025,CUST036,joyalukkas,Diamond,Diamond Ring,Regular Sale,Bangalore,1,340411,18,279137,4.8,Cash,Online,No,"20,654"
TXN0257,14/08/2025,CUST066,Bluestone, Gold ,Gold Earrings,Regular Sale,Pune,2,79849,5,75856,3.5,,Offline,No,16572
TXN0258,07-05-2025,CUST032,blue stone, Gold ,Gold Earrings,Akshaya Tritiya,Pune,2,32332,18,"₹26,512",3.8,Credit Card,Store,No,6250
TXN0259,2025-02-21,CUST067,PC Jeweller,GOLD,Gold Bangles,Regular Sale,Hyderabad,2,38996,15,33146,4.5,Credit Card,online,Yes,"22,007"
TXN0260,13/06/2025,CUST123,joyalukkas,GOLD,Gold Necklace,Diwali,Bangalore,1,47052,8,43287,4.7,Cash,,no,
TXN0261,04/11/2025,CUST039,Tanishq,PLATINUM,Platinum Bracelet,Wedding Season,Chennai,,98624,8,90734,3.3,Cash,Online,No,24382
TXN0262,2025-12-13,CUST108,blue stone, Silver ,Silver Chain,Diwali, Mumbai ,1,16133,10,14519,5.0,UPI,Online,Yes,5364
TXN0263,01/05/2025,CUST091,PC Jeweller,Gold,Gold Chain,Regular Sale,Pune,1,128963,5,122514,4.2,Net Banking,Offline,No,6566
TXN0264,13/09/2025,CUST093,KALYAN,SILVER,Silver Ring,Akshaya Tritiya,Pune,3,6646,5,6313,3.8,upi,Website,No,19208
TXN0265,2025-08-12,CUST127,PC Jeweller, Diamond ,Diamond Bracelet,Akshaya Tritiya,Chennai,1,145513,20,116410,3.7,UPI,Offline,No,6919
TXN0266,09-13-2025,CUST025, PCJeweller ,Diamond,Diamond Earrings,Wedding Season,Pune,1,136356,8,"₹125,447",3.9,UPI,Online,Yes,24190
TXN0267,2025-10-19,CUST055,Joyalukkas,DIAMOND,Diamond Earrings,Wedding Season,Bangalore,1,47988,20,38390,3.8,,,Yes,
TXN0268,12-17-2025,CUST034, Malabar Gold ,Gold,Gold Bangles,Diwali,Pune,2,58405,18,47892,4.5,,Website,No,unknown
TXN0269,02/09/2025,CUST039,pc jeweller,GOLD,Gold Ring,Wedding Season,Mumbai,1,,5,,NA,Cash,Website,No,16225
TXN0270,2025-07-21,CUST022,CARATLANE,SILVER,Silver Chain,Diwali,Bangalore,1,5733,20,4586,3.5,,Offline,No,"₹7,064"
TXN0271,07-27-2025,CUST155,CARATLANE,GOLD,Gold Ring,Diwali,Bangalore,1,19532,8,17969,4.4,Credit Card,Offline,No,"₹7,252"
TXN0272,2025-10-03,CUST023, Tanishq , Diamond ,Diamond Necklace,,chennai,2,101102,18,82903,,Cash,App,No,7597
TXN0273,09-20-2025,CUST157,BLUESTONE,silver,Silver Anklet,Diwali,Bangalore,1,18243,12,16053,3.3,Cash,Online,Yes,21404
TXN0274,17/12/2025,CUST155,KALYAN,gold,Gold Bangles,Akshaya Tritiya,Hyderabad,1,68384,10,61545,4.1,Cash,,No,21376
TXN0275,2025-05-01,CUST143,PC Jeweller,Diamond,Diamond Bracelet,Akshaya Tritiya,Chennai,1,unknown,18,280920,4.9,Debit Card,Website,No,21236
TXN0276,13/08/2025,CUST029,CaratLane,Gold,Gold Necklace,Dhanteras,Hyderabad,2,"₹30,235",5,28723,4.5,upi,Website,no,17331
TXN0277,24/06/2025,CUST130,tanishq,Gold,Gold Necklace,Diwali,Chennai,2,50239,0,50239,3.6,,Offline,No,15051
TXN0278,26/03/2025,CUST016,JOYALUKKAS,Silver,Silver Chain,Dhanteras,Mumbai,1,,5,18004,3.8,Net Banking,Store,Yes,14172
TXN0279,04-16-2025,CUST160,PC JEWELLER,DIAMOND,Diamond Earrings,Regular Sale,Hyderabad,1,unknown,8,,4.5,upi,online,,5128
TXN0280,31/10/2025,CUST062, Carat Lane , Gold ,Gold Ring,Wedding Season,Hyderabad,1,154665,0,"154,665",3.3,UPI,Website,No,19757
TXN0281,10-21-2025,CUST036,JOYALUKKAS,gold,Gold Chain,regular sale,Delhi,1,"₹166,267",15,141326,5.2,Credit Card,Website,No,"₹15,619"
TXN0282,2025-03-25,CUST130,pc jeweller, Diamond ,Diamond Bracelet,Regular Sale,Delhi,1,246995,20,197596,4.5,upi,Offline,no,13102
TXN0283,11/07/2025,CUST076,TANISHQ,Diamond,Diamond Bracelet,Akshaya Tritiya,Hyderabad,1,,8,162681,3.4,,online,Yes,"1,068"
TXN0284,2025-11-07,CUST036,Kalyan Jewellers, Gold ,Gold Ring,Diwali,Delhi,1,99186,18,81332,4.1,Cash,Offline,Yes,12108
TXN0285,2025-10-14,CUST050,PC Jeweller,silver,Silver Chain,Wedding Season,Chennai,,22647,12,19929,4.2,Credit Card,Offline,,19990
TXN0286,12/06/2025,CUST066,Bluestone,Diamond,Diamond Earrings,Diwali,Bangalore,2,unknown,8,"34,220",3.9,upi,Offline,No,21135
TXN0287,2025-03-03,CUST052,malabar,gold,Gold Ring,Diwali,Bangalore,2,"₹101,896",12,89668,3.9,Cash,Online,Yes,21759
TXN0288,2025-09-14,CUST037, Tanishq ,gold,Gold Earrings,Regular Sale,Chennai,2,163413,18,,4.0,,App,No,22399
TXN0289,2025-10-16,CUST077,Tanishq, Gold ,Gold Bangles,Diwali,Hyderabad,1,117654,12,103535,3.3,,Store,,12227
TXN0290,2025-11-27,CUST156,BLUESTONE,Diamond,Diamond Earrings,Diwali,Hyderabad,1,135427,15,115112,3.2,,online,,3540
TXN0291,2025-01-05,CUST119, BlueStone ,silver,Silver Bracelet,Regular Sale,Hyderabad,,13729,8,12630,5.7,Debit Card,,,8246
TXN0292,14/09/2025,CUST044,joyalukkas,platinum,Platinum Ring,diwali,Pune,1,81402,18,66749,3.4,Debit Card,Offline,,1757
TXN0293,28/07/2025,CUST032,PC JEWELLER, Diamond ,Diamond Earrings,Regular Sale,Mumbai,1,248930,0,248930,4.7,UPI,Website,No,"₹11,967"
TXN0294,2025-02-19,CUST123,CARATLANE,Silver,Silver Ring,Dhanteras,Mumbai,1,8451,15,7183,3.8,UPI,,No,18028
TXN0295,2025-12-22,CUST033,Tanishq, Diamond ,Diamond Bracelet,,Pune,1,328528,0,"₹328,528",4.9,Credit Card,,no,22617
TXN0296,2025-04-09,CUST027,Joyalukkas,Gold,Gold Bangles,Regular Sale,Delhi,1,"44,549",0,44549,4.0,Net Banking,Website,No,"8,967"
TXN0297,25/06/2025,CUST095,Tanishq,gold,Gold Necklace,Wedding Season,Delhi,1,111780,8,102837,3.5,upi,Website,,23670
TXN0298,2025-11-24,CUST059,CARATLANE,diamond,Diamond Earrings,Wedding Season,Mumbai,2,110081,0,110081,4.1,UPI,Store,No,3416
TXN0299,05-15-2025,CUST045, Carat Lane ,gold,Gold Necklace,Diwali, Pune ,1,,10,154380,3.6,UPI,Store,No,10996
TXN0300,07-13-2025,CUST096, Kalyan , Silver ,Silver Ring,Dhanteras,Delhi,1,5882,8,5411,4.6,Debit Card,Offline,No,21626
TXN0301,11-27-2025,CUST096,BLUESTONE, Gold ,Gold Earrings,Dhanteras,Mumbai,1,72850,5,69207,3.5,upi,,no,
TXN0302,2025-10-09,CUST035,Malabar,SILVER,Silver Bracelet,Regular Sale,Mumbai,1,15927,8,14652,4.9,Cash,Store,Yes,11388
TXN0303,2025-02-20,CUST019, Tanishq ,Gold,Gold Chain,Diwali,Bangalore,2,112134,5,106527,4.6,Credit Card,online,no,5517
TXN0304,18/03/2025,CUST059,blue stone,diamond,Diamond Earrings,Akshaya Tritiya,Hyderabad,1,206735,0,206735,4.0,Debit Card,,No,15050
TXN0305,09-13-2025,CUST091, PCJeweller ,gold,Gold Bangles,Diwali,Delhi,1,25891,8,23819,,,Online,No,6036
TXN0306,08-20-2025,CUST078,Kalyan,diamond,Diamond Bracelet,dhanteras,,,unknown,10,52560,4.1,Debit Card,online,no,3293
TXN0307,2025-04-16,CUST053, Kalyan , Diamond ,Diamond Necklace,Diwali,Mumbai,1,107331,18,88011,4.1,Cash,Store,No,1243
TXN0308,16/02/2025,CUST166,JOYALUKKAS,GOLD,Gold Bangles,Wedding Season,Chennai,1,155850,20,unknown,4.0,Net Banking,online,Yes,16002
TXN0309,22/04/2025,CUST106,PC Jeweller,GOLD,Gold Earrings,Akshaya Tritiya,Pune,1,29446,12,25912,,UPI,Online,,23756
TXN0310,06/09/2025,CUST018,Joyalukkas,gold,Gold Bangles,Regular Sale,Mumbai,1,27902,8,25669,3.8,Credit Card,Store,No,18519
TXN0311,08-15-2025,CUST013,Malabar Gold,Gold,Gold Ring,Regular Sale,Chennai,1,,0,133515,4.8,Debit Card,Offline,No,
TXN0312,2025-09-20,CUST084, Tanishq ,platinum,Platinum Chain,Regular Sale,Pune,1,204092,8,"₹187,764",4.5,UPI,Website,,
TXN0313,02-22-2025,CUST138,Malabar Gold,diamond,Diamond Ring,Regular Sale, Hyderabad ,1,48036,18,39389,3.7,Debit Card,Offline,,23532
TXN0314,2025-01-07,CUST006,Bluestone,DIAMOND,Diamond Ring,Diwali,Delhi,1,"₹260,358",10,234322,4.1,Cash,Offline,,2242
TXN0315,28/11/2025,CUST007,pc jeweller,DIAMOND,Diamond Bracelet,Regular Sale,Hyderabad,3,170818,0,170818,4.1,Credit Card,App,Yes,18087
TXN0316,2025-10-09,CUST061,Joyalukkas, Diamond ,Diamond Ring,Regular Sale,Bangalore,1,52319,10,47087,3.4,Cash,online,No,9908
TXN0317,2025-09-04,CUST098,JOYALUKKAS,Gold,Gold Necklace,Diwali,Chennai,2,"141,394",18,115943,4.6,Cash,Store,Yes,19420
TXN0318,07-22-2025,CUST096,TANISHQ, Gold ,Gold Bangles,Akshaya Tritiya,Chennai,1,19095,20,"15,276",3.9,Credit Card,Offline,Yes,9364
TXN0319,07-05-2025,CUST008,blue stone,DIAMOND,Diamond Bracelet,Wedding Season,Hyderabad,2,227025,10,204322,4.1,UPI,,No,22115
TXN0320,09-30-2025,CUST098, Joyalukkas , Gold ,Gold Earrings,Dhanteras,Bangalore,1,"₹153,931",18,126223,3.7,Debit Card,online,No,14040
TXN0321,2025-07-11,CUST035,tanishq, Platinum ,Platinum Chain,Akshaya Tritiya,Bangalore,1,201578,12,,4.5,,Offline,No,14395
TXN0322,09-06-2025,CUST026,CaratLane,Gold,Gold Chain,Akshaya Tritiya,Bangalore,1,117019,,99466,3.3,Cash,App,no,9710
TXN0323,02/07/2025,CUST026,Joyalukkas, Diamond ,Diamond Bracelet,Diwali,Pune,1,190268,,"156,019",3.9,upi,,No,13072
TXN0324,06-16-2025,CUST114,pc jeweller, Diamond ,Diamond Bracelet,Wedding Season,Pune,2,26640,0,26640,4.3,,online,No,13611
TXN0325,2025-10-04,CUST063,malabar,diamond,Diamond Ring,Akshaya Tritiya,Bangalore,1,312701,20,"250,160",4.9,Cash,,No,8221
TXN0326,2025-11-04,CUST165, PCJeweller , Diamond ,Diamond Ring,Regular Sale,Delhi,1,72417,10,65175,4.9,Credit Card,Offline,No,4790
TXN0327,01/01/2025,CUST016,Tanishq Jewels,gold,Gold Earrings,Dhanteras,Pune,1,48436,15,41170,4.9,Net Banking,App,No,4492
TXN0328,12-07-2025,CUST009, Carat Lane ,SILVER,Silver Chain,Akshaya Tritiya,Hyderabad,1,24281,8,22338,4.3,Debit Card,online,Yes,2927
TXN0329,2025-03-23,CUST141,KALYAN,GOLD,Gold Chain,Regular Sale,Chennai,1,31779,12,27965,5.0,Credit Card,online,no,"₹13,903"
TXN0330,2025-03-16,CUST056,kalyan,Diamond,Diamond Ring,Regular Sale,Pune,1,264878,8,243687,4.0,upi,,No,"₹2,845"
TXN0331,23/07/2025,CUST078,joyalukkas, Gold ,Gold Ring,Akshaya Tritiya,Delhi,1,"₹106,732",18,87520,3.6,upi,online,Yes,
TXN0332,2025-10-31,CUST099,TANISHQ, Gold ,Gold Bangles,Wedding Season,Delhi,1,76965,20,61572,3.7,upi,Online,Yes,19220
TXN0333,2025-04-03,CUST143,BLUESTONE,SILVER,Silver Bracelet,akshaya tritiya,Delhi,1,"₹8,798",5,8358,5.2,Debit Card,Store,no,6623
TXN0334,06-30-2025,CUST138,pc jeweller,Gold,Gold Necklace,Akshaya Tritiya,Delhi,1,94912,20,75929,4.5,Credit Card,App,No,"10,089"
TXN0335,03-15-2025,CUST053,CaratLane,GOLD,Gold Earrings,Diwali,Mumbai,2,60813,12,53515,4.4,Cash,,No,11366
TXN0336,05/07/2025,CUST070,joyalukkas,gold,Gold Earrings,Diwali,hyderabad,1,"₹50,668",18,unknown,3.3,Debit Card,App,Yes,4130
TXN0337,12-14-2025,CUST142,PC JEWELLER, Diamond ,Diamond Earrings,Wedding Season,Delhi,2,50146,18,"41,119",3.5,Debit Card,Online,,21945
TXN0338,28/04/2025,CUST163,PC Jeweller,DIAMOND,Diamond Bracelet,Regular Sale,Chennai,1,"₹210,598",12,185326,3.7,UPI,Online,,10366
TXN0339,01-04-2025,CUST109, Joyalukkas ,silver,Silver Anklet,Dhanteras,Mumbai,1,17717,5,16831,,Cash,Offline,,18154
TXN0340,2025-12-14,CUST139,Malabar,GOLD,Gold Chain,Wedding Season,Bangalore,1,128814,15,109491,4.9,upi,App,No,16173
TXN0341,25/07/2025,CUST003,Bluestone, Diamond ,Diamond Earrings,Akshaya Tritiya,mumbai,1,181421,,181421,3.8,Cash,Website,No,10806
TXN0342,2025-12-30,CUST029,malabar,DIAMOND,Diamond Earrings,,Mumbai,2,,18,90074,3.2,Debit Card,Online,Yes,17025
TXN0343,06-26-2025,CUST004,blue stone,Diamond,Diamond Necklace,Diwali,Mumbai,1,228868,5,217424,4.6,,Website,No,"21,237"
TXN0344,2025-04-03,CUST152,caratlane,gold,Gold Necklace,,hyderabad,1,82842,5,"₹78,699",,Cash,App,No,23942
TXN0345,31/12/2025,CUST064, Malabar Gold ,Gold,Gold Bangles,Wedding Season, Delhi ,2,129954,12,"₹114,359",3.9,Cash,Store,No,"₹10,973"
TXN0346,27/10/2025,CUST023,PC Jeweller,gold,Gold Earrings,Regular Sale,Chennai,1,104825,15,89101,3.6,Cash,Online,No,18910
TXN0347,14/10/2025,CUST094,KALYAN,Diamond,Diamond Necklace,Wedding Season,,1,92020,12,"80,977",4.8,Credit Card,Store,No,
TXN0348,07/11/2025,CUST053,pc jeweller,Gold,Gold Bangles,Wedding Season,Delhi,1,152607,18,125137,4.2,Net Banking,Store,No,8219
TXN0349,10/03/2025,CUST014,kalyan,diamond,Diamond Necklace,Diwali, Delhi ,1,178009,8,163768,4.9,Debit Card,online,No,14380
TXN0350,2025-10-26,CUST098, Kalyan ,gold,Gold Ring,Wedding Season,Bangalore,1,111187,12,97844,4.9,Credit Card,online,,15218
TXN0351,01/04/2025,CUST156,joyalukkas,Gold,Gold Chain,,Chennai,1,67508,12,59407,3.2,,Online,no,4267
TXN0352,2025-01-07,CUST028,Tanishq Jewels,GOLD,Gold Ring,Regular Sale,pune,1,29466,12,"25,930",3.5,Credit Card,Offline,No,18810
TXN0353,2025-01-13,CUST110,PC JEWELLER,diamond,Diamond Ring,Regular Sale,Bangalore,2,180576,18,148072,3.5,Cash,Offline,No,"₹8,357"
TXN0354,04-03-2025,CUST109,kalyan,GOLD,Gold Earrings,Diwali,Hyderabad,1,40230,8,37011,4.0,upi,,No,1071
TXN0355,16/02/2025,CUST033,malabar, Diamond ,Diamond Necklace,Diwali,Mumbai,1,275836,18,226185,4.9,upi,Offline,Yes,14718
TXN0356,2025-01-02,CUST005, Carat Lane , Diamond ,Diamond Necklace,Diwali,Delhi,1,301271,10,271143,4.5,Debit Card,Website,No,19071
TXN0357,12-06-2025,CUST019,JOYALUKKAS,gold,Gold Chain, Akshaya Tritiya ,Chennai,1,,18,39960,3.9,Cash,online,No,18283
TXN0358,03-30-2025,CUST042,Kalyan, Diamond ,Diamond Earrings,Diwali,Pune,1,175349,0,175349,4.8,upi,Offline,Yes,6138
TXN0359,06-10-2025,CUST165,TANISHQ, Diamond ,Diamond Necklace,Regular Sale,Mumbai,1,unknown,5,"₹132,781",4.7,,Store,No,8848
TXN0360,10-19-2025,CUST012,CARATLANE,Gold,Gold Chain,Wedding Season,Hyderabad,,67215,0,67215,3.6,,Website,,12660
TXN0361,2025-10-28,CUST075,pc jeweller,diamond,Diamond Earrings,Diwali,Pune,1,77954,0,77954,4.3,upi,Offline,no,17918
TXN0362,16/12/2025,CUST062,caratlane,Diamond,Diamond Earrings,Diwali,Chennai,1,"₹177,484",,145536,3.3,,,No,"₹17,348"
TXN0363,13/05/2025,CUST066,KALYAN,gold,Gold Necklace,Akshaya Tritiya,Hyderabad,1,169129,5,160672,3.5,upi,Offline,Yes,13017
TXN0364,05-06-2025,CUST144,CaratLane,platinum,Platinum Chain,Akshaya Tritiya,Mumbai,1,208927,0,208927,4.3,UPI,Store,Yes,16351
TXN0365,06/11/2025,CUST055,BLUESTONE,Diamond,Diamond Ring,Akshaya Tritiya,bangalore,1,"252,076",15,214264,3.3,,Website,No,12845
TXN0243,2025-03-01,CUST005,MALABAR,GOLD,Gold Chain,Wedding Season,Chennai,2,164448,5,156225,4.0,upi,Store,No,4886
TXN0110,02-09-2025,CUST096,Malabar,Gold,Gold Ring,Wedding Season,Pune,1,127935,18,104906,4.8,,Store,No,3830
TXN0028,2025-03-22,CUST105,CARATLANE, Gold ,Gold Ring,Dhanteras,Chennai,1,73318,8,67452,3.6,,,,20326
TXN0109,29/01/2025,CUST146,tanishq,DIAMOND,Diamond Ring,Diwali,Mumbai,1,"₹299,650",5,,4.1,UPI,Offline,No,16458
TXN0012,2025-12-06,CUST035, Malabar Gold ,Gold,Gold Chain,Diwali,Delhi,1,97303,0,97303,4.4,,Store,no,17008
TXN0351,01/04/2025,CUST156,joyalukkas,Gold,Gold Chain,,Chennai,1,67508,12,59407,3.2,,Online,no,4267
TXN0217,2025-08-11,CUST074,JOYALUKKAS, Diamond ,Diamond Bracelet,Regular Sale,Delhi,1,,18,183781,4.1,Cash,App,,9932
TXN0139,2025-06-25,CUST030,TANISHQ, Gold ,Gold Ring,Akshaya Tritiya,Chennai,1,62698,12,55174,4.8,UPI,Offline,,
TXN0130,12-31-2025,CUST165, BlueStone , Platinum ,Platinum Bracelet,Akshaya Tritiya,Chennai,2,88659,12,78019,4.3,Net Banking,Online,No,17761
TXN0326,2025-11-04,CUST165, PCJeweller , Diamond ,Diamond Ring,Regular Sale,Delhi,1,72417,10,65175,4.9,Credit Card,Offline,No,4790
TXN0091,17/11/2025,CUST153,Kalyan Jewellers,gold,Gold Chain,Akshaya Tritiya,Mumbai,,90341,5,85823,3.9,Cash,Store,Yes,22333
TXN0043,2025-02-07,CUST083,blue stone,Diamond,Diamond Earrings, Diwali ,Bangalore,2,276124,5,262317,4.1,UPI,,,22329
TXN0073,2025-09-29,CUST164,joyalukkas,Gold,Gold Earrings, Diwali ,Delhi,1,89203,,80282,3.6,Cash,online,Yes,16645
TXN0036,29/04/2025,CUST164, Malabar Gold , Diamond ,Diamond Necklace,Akshaya Tritiya,,1,225563,10,203006,4.1,Net Banking,Store,,14903
TXN0141,2025-11-10,CUST003,pc jeweller, Silver ,Silver Anklet,Diwali,Pune,2,13329,18,10929,,Credit Card,App,,13407
TXN0208,06/07/2025,CUST047, PCJeweller ,DIAMOND,Diamond Bracelet,Diwali,,1,271701,8,249964,4.7,Net Banking,Offline,no,4372
TXN0042,2025-06-15,CUST045, Malabar Gold ,Platinum,Platinum Bracelet,,Chennai,1,33895,15,28810,NA,Net Banking,Offline,no,2420
TXN0153,2025-10-12,CUST032,CaratLane,Gold,Gold Bangles,Regular Sale,Delhi,1,"₹95,326",15,81027,4.9,Credit Card,Website,,"17,795"
